Manufacturer,MFR Part #,Product Description,Retail / MSRP,Dealer Actual Cost,Dealers Discount from list,Proposed GSA Price (without IFF fee),GSA Discount % from List,Proposed GSA Price (with IFF of .75%),Country of Origin,Warranty
Leviton, 40056-DSM, DESIG STRIP BLK 66     ,$1.85 ,$0.89 ,52%,$1.09 ,41%,$1.09 ,US,1 Yr
Leviton, 40066-0MW, BLK 66 SPLIT F 50PR    ,$56.81 ,$0.89 ,98%,$1.09 ,98%,$1.09 ,US,1 Yr
Leviton, 40859-00I, INS BLANK IV           ,$2.26 ,$0.89 ,61%,$1.09 ,52%,$1.09 ,US,1 Yr
Leviton, 40859-00W, INS BLANK WH           ,$2.26 ,$0.89 ,61%,$1.09 ,52%,$1.09 ,US,1 Yr
Leviton, 41080-LEB, LABELS JACK ID BLK LTRS,$5.80 ,$0.89 ,85%,$1.09 ,81%,$1.09 ,US,1 Yr
Leviton, 41084-SBF, ADPT QP ST-MM BN       ,$11.39 ,$0.89 ,92%,$1.09 ,90%,$1.09 ,US,1 Yr
Leviton, 41084-SEF, ADPT QP ST-MM BK       ,$11.39 ,$0.89 ,92%,$1.09 ,90%,$1.09 ,US,1 Yr
Leviton, 41084-SEZ, ADPT QP ST-SM BK       ,$18.89 ,$0.89 ,95%,$1.09 ,94%,$1.09 ,US,1 Yr
Leviton, 41084-SGF, ADPT QP ST-MM GY       ,$11.39 ,$0.89 ,92%,$1.09 ,90%,$1.09 ,US,1 Yr
Leviton, 41084-SGZ, ADPT QP ST-SM GY       ,$18.89 ,$0.89 ,95%,$1.09 ,94%,$1.09 ,US,1 Yr
Leviton, 41084-SIF, ADPT QP ST-MM IV       ,$11.39 ,$0.89 ,92%,$1.09 ,90%,$1.09 ,US,1 Yr
Leviton, 41084-SIZ, ADPT QP ST-SM IV       ,$18.89 ,$0.89 ,95%,$1.09 ,94%,$1.09 ,US,1 Yr
Leviton, 41084-SWF, ADPT QP ST-MM WH       ,$11.39 ,$0.89 ,92%,$1.09 ,90%,$1.09 ,US,1 Yr
Leviton, 41084-SWZ, ADPT QP ST-SM WH       ,$18.89 ,$0.89 ,95%,$1.09 ,94%,$1.09 ,US,1 Yr
Leviton, 41188-SM2," CABLE MGR HORIZ 19""    ",$67.34 ,$0.89 ,99%,$1.09 ,98%,$1.09 ,US,1 Yr
Leviton, 41291-1BE, MOS 1U BLANK BK        ,$1.63 ,$0.89 ,45%,$1.09 ,33%,$1.09 ,US,1 Yr
Leviton, 41291-1BG, MOS 1U BLANK GY        ,$1.63 ,$0.89 ,45%,$1.09 ,33%,$1.09 ,US,1 Yr
Leviton, 41291-1BI, MOS 1U BLANK IV        ,$1.63 ,$0.89 ,45%,$1.09 ,33%,$1.09 ,US,1 Yr
Leviton, 41291-1BT, MOS 1U BLANK LA        ,$1.63 ,$0.89 ,45%,$1.09 ,33%,$1.09 ,US,1 Yr
Leviton, 41291-1BW, MOS 1U BLANK WH        ,$1.63 ,$0.89 ,45%,$1.09 ,33%,$1.09 ,US,1 Yr
Leviton, 41291-1ME, ADPT 1PORT 1UNIT BK    ,$2.39 ,$0.89 ,63%,$1.09 ,55%,$1.09 ,US,1 Yr
Leviton, 41291-1MG, ADPT 1PORT 1UNIT GY    ,$2.39 ,$0.89 ,63%,$1.09 ,55%,$1.09 ,US,1 Yr
Leviton, 41291-1MI, ADPT 1PORT 1UNIT IV    ,$2.39 ,$0.89 ,63%,$1.09 ,55%,$1.09 ,US,1 Yr
Leviton, 41291-1MT, ADPT 1PORT 1UNIT LA    ,$2.39 ,$0.89 ,63%,$1.09 ,55%,$1.09 ,US,1 Yr
Leviton, 41291-1MW, ADPT 1PORT 1UNIT WH    ,$2.39 ,$0.89 ,63%,$1.09 ,55%,$1.09 ,US,1 Yr
Leviton, 41291-2CE, ADPT 1DPLX SC ZIRC BK  ,$15.25 ,$0.89 ,94%,$1.09 ,93%,$1.09 ,US,1 Yr
Leviton, 41291-2CG, ADPT 1DPLX SC ZIRC GY  ,$15.25 ,$0.89 ,94%,$1.09 ,93%,$1.09 ,US,1 Yr
Leviton, 41291-2CI, ADPT 1DPLX SC ZIRC IV  ,$15.25 ,$0.89 ,94%,$1.09 ,93%,$1.09 ,US,1 Yr
Leviton, 41291-2CW, ADPT 1DPLX SC ZIRC WH  ,$15.25 ,$0.89 ,94%,$1.09 ,93%,$1.09 ,US,1 Yr
Leviton, 41291-2QE, ADPT 2PORT 1UNIT BK    ,$2.39 ,$0.89 ,63%,$1.09 ,55%,$1.09 ,US,1 Yr
Leviton, 41291-2QG, ADPT 2PORT 1UNIT GY    ,$2.39 ,$0.89 ,63%,$1.09 ,55%,$1.09 ,US,1 Yr
Leviton, 41291-2QI, ADPT 2PORT 1UNIT IV    ,$2.39 ,$0.89 ,63%,$1.09 ,55%,$1.09 ,US,1 Yr
Leviton, 41291-2QT, ADPT 2PORT 1UNIT LA    ,$2.39 ,$0.89 ,63%,$1.09 ,55%,$1.09 ,US,1 Yr
Leviton, 41291-2QW, ADPT 2PORT 1UNIT WH    ,$2.39 ,$0.89 ,63%,$1.09 ,55%,$1.09 ,US,1 Yr
Leviton, 41291-2TE, ADPT 1DPLX ST PHOS BK  ,$11.01 ,$0.89 ,92%,$1.09 ,90%,$1.09 ,US,1 Yr
Leviton, 41291-2TG, ADPT 1DPLX ST PHOS GY  ,$11.01 ,$0.89 ,92%,$1.09 ,90%,$1.09 ,US,1 Yr
Leviton, 41291-2TI, ADPT 1DPLX ST PHOS IV  ,$11.01 ,$0.89 ,92%,$1.09 ,90%,$1.09 ,US,1 Yr
Leviton, 41291-2TW, ADPT 1DPLX ST PHOS WH  ,$11.01 ,$0.89 ,92%,$1.09 ,90%,$1.09 ,US,1 Yr
Leviton, 41292-2BE, MOS 2U BLANK BK        ,$1.63 ,$0.89 ,45%,$1.09 ,33%,$1.09 ,US,1 Yr
Leviton, 41292-2BG, MOS 2U BLANK GY        ,$1.63 ,$0.89 ,45%,$1.09 ,33%,$1.09 ,US,1 Yr
Leviton, 41292-2BI, MOS 2U BLANK IV        ,$1.63 ,$0.89 ,45%,$1.09 ,33%,$1.09 ,US,1 Yr
Leviton, 41292-2BT, MOS 2U BLANK LA        ,$1.63 ,$0.89 ,45%,$1.09 ,33%,$1.09 ,US,1 Yr
Leviton, 41292-2BW, MOS 2U BLANK WH        ,$1.63 ,$0.89 ,45%,$1.09 ,33%,$1.09 ,US,1 Yr
Leviton, 41293-4CE, ADPT DPLX SC 3U ANG BK ,$35.76 ,$0.89 ,98%,$1.09 ,97%,$1.09 ,US,1 Yr
Leviton, 41293-4CG, ADPT DPLX SC 3U ANG GY ,$35.76 ,$0.89 ,98%,$1.09 ,97%,$1.09 ,US,1 Yr
Leviton, 41293-4CI, ADPT DPLX SC 3U ANG IV ,$35.76 ,$0.89 ,98%,$1.09 ,97%,$1.09 ,US,1 Yr
Leviton, 41293-4CW, ADPT DPLX SC 3U ANG WH ,$35.76 ,$0.89 ,98%,$1.09 ,97%,$1.09 ,US,1 Yr
Leviton, 41294-2BE, MOS 1.5U BLANK BK      ,$1.63 ,$0.89 ,45%,$1.09 ,33%,$1.09 ,US,1 Yr
Leviton, 41294-2BG, MOS 1.5U BLANK GY      ,$1.63 ,$0.89 ,45%,$1.09 ,33%,$1.09 ,US,1 Yr
Leviton, 41294-2BI, MOS 1.5U BLANK IV      ,$1.63 ,$0.89 ,45%,$1.09 ,33%,$1.09 ,US,1 Yr
Leviton, 41294-2BT, MOS 1.5U BLANK LA      ,$1.63 ,$0.89 ,45%,$1.09 ,33%,$1.09 ,US,1 Yr
Leviton, 41294-2BW, MOS 1.5U BLANK WH      ,$1.63 ,$0.89 ,45%,$1.09 ,33%,$1.09 ,US,1 Yr
Leviton, 41294-2QE, MOS 2 PORT 1.5U ANG BK ,$2.39 ,$0.89 ,63%,$1.09 ,55%,$1.09 ,US,1 Yr
Leviton, 41294-2QG, MOS 2 PORT 1.5U ANG GY ,$2.39 ,$0.89 ,63%,$1.09 ,55%,$1.09 ,US,1 Yr
Leviton, 41294-2QI, MOS 2 PORT 1.5U ANG IV ,$2.39 ,$0.89 ,63%,$1.09 ,55%,$1.09 ,US,1 Yr
Leviton, 41294-2QT, MOS 2 PORT 1.5U ANG LA ,$2.39 ,$0.89 ,63%,$1.09 ,55%,$1.09 ,US,1 Yr
Leviton, 41294-2QW, MOS 2 PORT 1.5U ANG WH ,$2.39 ,$0.89 ,63%,$1.09 ,55%,$1.09 ,US,1 Yr
Leviton, 41295-5BE, MOS .5U BLANK BK       ,$1.63 ,$0.89 ,45%,$1.09 ,33%,$1.09 ,US,1 Yr
Leviton, 41295-5BG, MOS .5U BLANK GY       ,$1.63 ,$0.89 ,45%,$1.09 ,33%,$1.09 ,US,1 Yr
Leviton, 41295-5BI, MOS .5U BLANK IV       ,$1.63 ,$0.89 ,45%,$1.09 ,33%,$1.09 ,US,1 Yr
Leviton, 41295-5BT, MOS .5U BLANK LA       ,$1.63 ,$0.89 ,45%,$1.09 ,33%,$1.09 ,US,1 Yr
Leviton, 41295-5BW, MOS .5U BLANK WH       ,$1.63 ,$0.89 ,45%,$1.09 ,33%,$1.09 ,US,1 Yr
Leviton, 41DB1-5FT, BLK 110 89D KIT 50PR   ,$28.41 ,$0.89 ,97%,$1.09 ,96%,$1.09 ,US,1 Yr
Leviton, 49014-J24, PNL VG 24PT 8P4C       ,$151.51 ,$0.89 ,99%,$1.09 ,99%,$1.09 ,US,1 Yr
Leviton, 49018-J24, PNL VG 24PT 8P8C       ,$227.28 ,$0.89 ,100%,$1.09 ,100%,$1.09 ,US,1 Yr
Leviton, 49018-J48, PNL VG 48PT 8P8C       ,$416.66 ,$0.89 ,100%,$1.09 ,100%,$1.09 ,US,1 Yr
Leviton, 49200-00M, MAGNETS MOUNTING       ,$4.71 ,$0.89 ,81%,$1.09 ,77%,$1.09 ,US,1 Yr
Leviton, 49222-ESP, BRKT FRN HM SC         ,$10.83 ,$0.89 ,92%,$1.09 ,90%,$1.09 ,US,1 Yr
Leviton, 49222-HAO, BRKT FRN HM AO         ,$10.83 ,$0.89 ,92%,$1.09 ,90%,$1.09 ,US,1 Yr
Leviton, 49252-PCM, CABLE MGR FRONT/REAR   ,$90.04 ,$0.89 ,99%,$1.09 ,99%,$1.09 ,US,1 Yr
Leviton, 49252-PO2, PANEL ORG 2 POSITION   ,$73.26 ,$0.89 ,99%,$1.09 ,99%,$1.09 ,US,1 Yr
Leviton, 49253-4CM," CABLE MGR HORZ 4RU 4""RG",$94.76 ,$0.89 ,99%,$1.09 ,99%,$1.09 ,US,1 Yr
Leviton, 49253-6CM," CABLE MGR HORZ 4RU 6""RG",$123.58 ,$0.89 ,99%,$1.09 ,99%,$1.09 ,US,1 Yr
Leviton, 49253-RCM," CABLE MGR REC HRZ1RU 2""",$102.05 ,$0.89 ,99%,$1.09 ,99%,$1.09 ,US,1 Yr
Leviton, 49257-QHD, LABEL KIT 24 PORT      ,$5.96 ,$0.89 ,85%,$1.09 ,82%,$1.09 ,US,1 Yr
Leviton, 49257-QID, LABEL KIT 32 24 PORT   ,$6.01 ,$0.89 ,85%,$1.09 ,82%,$1.09 ,US,1 Yr
Leviton, 4925C-6CM," CABLE MGR HORZ 4RU 7""RG",$173.48 ,$0.89 ,99%,$1.09 ,99%,$1.09 ,US,1 Yr
Leviton, 49260-MR3," CABLE RING VERT R/M 3"" ",$28.48 ,$0.89 ,97%,$1.09 ,96%,$1.09 ,US,1 Yr
Leviton, 49260-MR6," CABLE RING VERT R/M 6"" ",$31.06 ,$0.89 ,97%,$1.09 ,97%,$1.09 ,US,1 Yr
Leviton, 49261-BKT, BRKT TIE VERT MGR RING ,$17.23 ,$0.89 ,95%,$1.09 ,94%,$1.09 ,US,1 Yr
Leviton, 49265-WR1," DUCT CBL RETAIN 5"" 10PK",$16.56 ,$0.89 ,95%,$1.09 ,93%,$1.09 ,US,1 Yr
Leviton, 49400-FHB, BRACKET FRONT HINGE 3RU,$75.88 ,$0.89 ,99%,$1.09 ,99%,$1.09 ,US,1 Yr
Leviton, 49800-NDL, NEEDLE REPL 1.2MM      ,$53.01 ,$0.89 ,98%,$1.09 ,98%,$1.09 ,US,1 Yr
Leviton, 49882-MST, CONN THREAD LOCK ST MM ,$11.96 ,$0.89 ,93%,$1.09 ,91%,$1.09 ,US,1 Yr
Leviton, 49882-SST, CONN THREAD LOCK ST SM ,$14.44 ,$0.89 ,94%,$1.09 ,92%,$1.09 ,US,1 Yr
Leviton, 49882-ZAD, ADPT ST ZIRC 1F SM     ,$14.50 ,$0.89 ,94%,$1.09 ,93%,$1.09 ,US,1 Yr
Leviton, 49883-FCT, TOOL FC TIGHTENING     ,$4.90 ,$0.89 ,82%,$1.09 ,78%,$1.09 ,US,1 Yr
Leviton, 49883-MAD, ADPT FC PHOS           ,$19.79 ,$0.89 ,96%,$1.09 ,95%,$1.09 ,US,1 Yr
Leviton, 49883-MFC, CONN THREAD LOCK FC MM ,$13.83 ,$0.89 ,94%,$1.09 ,92%,$1.09 ,US,1 Yr
Leviton, 49883-SAD, ADPT FC ZIRC           ,$31.45 ,$0.89 ,97%,$1.09 ,97%,$1.09 ,US,1 Yr
Leviton, 49884-AAD, ADPT SC DPLX ZIRC AQUA ,$15.34 ,$0.89 ,94%,$1.09 ,93%,$1.09 ,US,1 Yr
Leviton, 49884-BAD, ADPT SC DPLX PHOS BEIGE,$8.44 ,$0.89 ,89%,$1.09 ,87%,$1.09 ,US,1 Yr
Leviton, 49884-DPC, CLIP SC DPLX TLOCK 25PK,$17.23 ,$0.89 ,95%,$1.09 ,94%,$1.09 ,US,1 Yr
Leviton, 49884-MAS, ADPT SC SPLX PHOS BEIGE,$4.61 ,$0.89 ,81%,$1.09 ,76%,$1.09 ,US,1 Yr
Leviton, 49884-MSC, CONN THREAD LOCK SC MM ,$16.66 ,$0.89 ,95%,$1.09 ,93%,$1.09 ,US,1 Yr
Leviton, 49884-SAD, ADPT SC DPLX ZIRC BLUE ,$15.34 ,$0.89 ,94%,$1.09 ,93%,$1.09 ,US,1 Yr
Leviton, 49884-SAS, ADPT SC SPLX ZIRC BLUE ,$8.43 ,$0.89 ,89%,$1.09 ,87%,$1.09 ,US,1 Yr
Leviton, 49884-SSC, CONN THREAD LOCK SC SM ,$19.86 ,$0.89 ,96%,$1.09 ,95%,$1.09 ,US,1 Yr
Leviton, 49884-VAS, ADPT SC SPLX ZIRC GREEN,$8.43 ,$0.89 ,89%,$1.09 ,87%,$1.09 ,US,1 Yr
Leviton, 49885-SBS, SILICONE BUS KIT       ,$25.85 ,$0.89 ,97%,$1.09 ,96%,$1.09 ,US,1 Yr
Leviton, 49885-SLV, SLEEVE NYLON RETENTION ,$6.50 ,$0.89 ,86%,$1.09 ,83%,$1.09 ,US,1 Yr
Leviton, 49886-APD, ALCOHOL PADS 100 PACK  ,$128.83 ,$0.89 ,99%,$1.09 ,99%,$1.09 ,US,1 Yr
Leviton, 49886-CTT, TOOL ST/SC TIGHTENING  ,$31.49 ,$0.89 ,97%,$1.09 ,97%,$1.09 ,US,1 Yr
Leviton, 49886-DLM, CLIP LC DPLX FCURE 25PK,$16.53 ,$0.89 ,95%,$1.09 ,93%,$1.09 ,US,1 Yr
Leviton, 49886-DLS, CLIP LC DPLX FCURE 25PK,$16.53 ,$0.89 ,95%,$1.09 ,93%,$1.09 ,US,1 Yr
Leviton, 49886-DSC, CLIP SC DPLX FCURE 25PK,$16.53 ,$0.89 ,95%,$1.09 ,93%,$1.09 ,US,1 Yr
Leviton, 49886-FCT, TOOL CRIMP 128.151.178 ,$106.69 ,$0.89 ,99%,$1.09 ,99%,$1.09 ,US,1 Yr
Leviton, 49886-SCR, SCRIBE SAPPHIRE        ,$93.43 ,$0.89 ,99%,$1.09 ,99%,$1.09 ,US,1 Yr
Leviton, 49886-SLG, GAUGE STRIP LENGTH     ,$10.25 ,$0.89 ,91%,$1.09 ,89%,$1.09 ,US,1 Yr
Leviton, 49886-SMP, PEN MARKING            ,$3.54 ,$0.89 ,75%,$1.09 ,69%,$1.09 ,US,1 Yr
Leviton, 49887-06L," FAN OUT KIT 6F 36""     ",$26.91 ,$0.89 ,97%,$1.09 ,96%,$1.09 ,US,1 Yr
Leviton, 49887-06S," FAN OUT KIT 6F 24""     ",$25.61 ,$0.89 ,97%,$1.09 ,96%,$1.09 ,US,1 Yr
Leviton, 49887-12L," FAN OUT KIT 12F 36""    ",$29.33 ,$0.89 ,97%,$1.09 ,96%,$1.09 ,US,1 Yr
Leviton, 49887-12S," FAN OUT KIT 12F 24""    ",$28.33 ,$0.89 ,97%,$1.09 ,96%,$1.09 ,US,1 Yr
Leviton, 49889-MAD, ADPT MTRJ BEIGE        ,$9.18 ,$0.89 ,90%,$1.09 ,88%,$1.09 ,US,1 Yr
Leviton, 49889-QFE, ADPT SPECTLINK MTRJ BK ,$8.99 ,$0.89 ,90%,$1.09 ,88%,$1.09 ,US,1 Yr
Leviton, 49889-QFG, ADPT SPECTLINK MTRJ GY ,$8.99 ,$0.89 ,90%,$1.09 ,88%,$1.09 ,US,1 Yr
Leviton, 49889-QFI, ADPT SPECTLINK MTRJ IV ,$8.99 ,$0.89 ,90%,$1.09 ,88%,$1.09 ,US,1 Yr
Leviton, 49889-QFW, ADPT SPECTLINK MTRJ WH ,$8.99 ,$0.89 ,90%,$1.09 ,88%,$1.09 ,US,1 Yr
Leviton, 49990-MST, CONN FCURE ST 2BT MM   ,$6.41 ,$0.89 ,86%,$1.09 ,83%,$1.09 ,US,1 Yr
Leviton, 49990-SST, CONN FCURE ST 2BT SM   ,$11.06 ,$0.89 ,92%,$1.09 ,90%,$1.09 ,US,1 Yr
Leviton, 4W254-BA1, PANEL BLANK 1RU W      ,$69.35 ,$0.89 ,99%,$1.09 ,98%,$1.09 ,US,1 Yr
Leviton, 4W254-BA2, PANEL BLANK 2RU W      ,$131.19 ,$0.89 ,99%,$1.09 ,99%,$1.09 ,US,1 Yr
Leviton, 4W254-BCM, CABLE MGR HORIZ 2RU W  ,$214.31 ,$0.89 ,100%,$1.09 ,99%,$1.09 ,US,1 Yr
Leviton, 4W254-LPM, CABLE MGR HORIZ 1RU W  ,$214.31 ,$0.89 ,100%,$1.09 ,99%,$1.09 ,US,1 Yr
Leviton, 51084-CLB, LABEL KIT COLORED      ,$14.36 ,$0.89 ,94%,$1.09 ,92%,$1.09 ,US,1 Yr
Leviton, 5F100-12M, PLATE MTRJ LOAD DUAL 12,$131.23 ,$0.89 ,99%,$1.09 ,99%,$1.09 ,US,1 Yr
Leviton, 5F100-1CA, PLATE 6F SPLX SC-AP 6PK,$51.11 ,$0.89 ,98%,$1.09 ,98%,$1.09 ,US,1 Yr
Leviton, 5F100-3CE, PLATE 12F 3PK SC 6PK LC,$10.43 ,$0.89 ,91%,$1.09 ,90%,$1.09 ,US,1 Yr
Leviton, 5F100-6MC, PLATE MTRJ LOAD DUAL 6P,$53.50 ,$0.89 ,98%,$1.09 ,98%,$1.09 ,US,1 Yr
Leviton, 5F100-DLA, ADPT LC DPLX ZIRC AQUA ,$23.16 ,$0.89 ,96%,$1.09 ,95%,$1.09 ,US,1 Yr
Leviton, 5F100-DLC, ADPT LC DPLX BEIGE     ,$13.99 ,$0.89 ,94%,$1.09 ,92%,$1.09 ,US,1 Yr
Leviton, 5F100-DLV, ADPT LC DPLX ZIRC GREEN,$23.16 ,$0.89 ,96%,$1.09 ,95%,$1.09 ,US,1 Yr
Leviton, 5F100-DLZ, ADPT LC DPLX BLUE      ,$23.16 ,$0.89 ,96%,$1.09 ,95%,$1.09 ,US,1 Yr
Leviton, 5F100-QLA, ADPT LC QUAD ZIRC AQUA ,$40.06 ,$0.89 ,98%,$1.09 ,97%,$1.09 ,US,1 Yr
Leviton, 5F100-QLC, ADPT LC QUAD BEIGE     ,$27.04 ,$0.89 ,97%,$1.09 ,96%,$1.09 ,US,1 Yr
Leviton, 5F100-QLZ, ADPT LC QUAD BLUE      ,$40.06 ,$0.89 ,98%,$1.09 ,97%,$1.09 ,US,1 Yr
Leviton,5G210-01S,PCORD 110 1PR 1' GY,$9.65,$1.82 ,81%,$5.48,77%,$2.22 ,US,1 Yr
Leviton, 5R100-0FR, CABLE MGMT RINGS 2PK   ,$14.90 ,$7.07 ,53%,$8.69 ,42%,$8.62 ,US,1 Yr
Leviton, 5R100-14R, RINGS 1/4 CBL MGMT 4PCS,$10.61 ,$5.04 ,52%,$6.19 ,42%,$6.15 ,US,1 Yr
Leviton, 5R4UH-S12, ENCL 4U ULTRA EMPTY+TRY,$726.10 ,$310.28 ,57%,$381.25 ,48%,$378.39 ,US,1 Yr
Leviton, 5RCMP-KIT, KIT CBL CLAMP OPT-X RM ,$46.71 ,$22.15 ,53%,$27.22 ,42%,$27.01 ,US,1 Yr
Leviton, 5T000-00T, SPL TRAY D 4X7 HS-P 12F,$36.51 ,$17.32 ,53%,$21.28 ,42%,$21.12 ,US,1 Yr
Leviton, 5W110-00N, ENCL SML SOLID DR NO   ,$109.18 ,$54.50 ,50%,$66.97 ,39%,$66.46 ,US,1 Yr
Leviton, 5W120-00N, ENCL SMALL SPL MT DR+LK,$136.00 ,$67.89 ,50%,$83.42 ,39%,$82.79 ,US,1 Yr
Leviton, 5W170-00N, ENCL SML SOL DR+LK+KY  ,$122.09 ,$60.95 ,50%,$74.89 ,39%,$74.33 ,US,1 Yr
Leviton, 5W310-00N, ENCL MD EMPTY SOL MT DR,$148.88 ,$74.32 ,50%,$91.32 ,39%,$90.63 ,US,1 Yr
Leviton, 5W320-00N, ENCL MD EMPTY SPL MT DR,$178.68 ,$89.19 ,50%,$109.59 ,39%,$108.77 ,US,1 Yr
Leviton, 5W370-00N, ENCL MD EM SLD M DR+L+K,$171.21 ,$85.47 ,50%,$105.02 ,39%,$104.23 ,US,1 Yr
Leviton, 5W710-00N, ENCL LG EMPTY SOL MT DR,$317.61 ,$158.55 ,50%,$194.81 ,39%,$193.35 ,US,1 Yr
Leviton, 5W720-00N, ENCL LG EMPTY SPL MT DR,$335.00 ,$167.23 ,50%,$205.48 ,39%,$203.94 ,US,1 Yr
Leviton, 5W770-00N, ENCL LG EM SLD M DR+L+K,$330.00 ,$164.74 ,50%,$202.42 ,39%,$200.90 ,US,1 Yr
Leviton, 61COS-B13, JACK C6A COS 13PK      ,$34.89 ,$14.91 ,57%,$18.32 ,48%,$18.18 ,US,1 Yr
Leviton, APLW6-BLK, PLT LGX WH BLANK       ,$8.96 ,$4.47 ,50%,$5.49 ,39%,$5.45 ,US,1 Yr
Leviton, APLW6-LDM, PLT LGX WH LC-MM 12F   ,$83.10 ,$39.41 ,53%,$48.42 ,42%,$48.06 ,US,1 Yr
Leviton, APLW6-LDS, PLT LGX WH LC-SM 12F   ,$95.86 ,$45.46 ,53%,$55.86 ,42%,$55.44 ,US,1 Yr
Leviton, APLW6-SCA, PLT LGX WH SC-APC 6F   ,$84.31 ,$39.99 ,53%,$49.14 ,42%,$48.77 ,US,1 Yr
Leviton, APLW6-SCM, PLT LGX WH SC-MM 6F    ,$44.75 ,$21.22 ,53%,$26.07 ,42%,$25.88 ,US,1 Yr
Leviton, APLW6-SCS, PLT LGX WH SC-SM 6F    ,$51.11 ,$24.24 ,53%,$29.78 ,42%,$29.56 ,US,1 Yr
Leviton, APLW6-SDM, PLT LGX WH SC-MM 12F   ,$76.69 ,$36.37 ,53%,$44.69 ,42%,$44.35 ,US,1 Yr
Leviton, APLW6-SDS, PLT LGX WH SC-SM 12F   ,$84.38 ,$40.01 ,53%,$49.16 ,42%,$48.79 ,US,1 Yr
Leviton, APLW6-STM, PLT LGX WH ST-MM 6F    ,$39.71 ,$18.83 ,53%,$23.14 ,42%,$22.96 ,US,1 Yr
Leviton, APLW6-STS, PLT LGX WH ST-SM 6F    ,$57.50 ,$27.27 ,53%,$33.51 ,42%,$33.26 ,US,1 Yr
Leviton, APLW8-LDS, PLT LGX WH LC-SM 16F   ,$121.44 ,$57.59 ,53%,$70.76 ,42%,$70.23 ,US,1 Yr
Leviton, APLW8-SCA, PLT LGX WH SC-APC 8F   ,$95.86 ,$45.46 ,53%,$55.86 ,42%,$55.44 ,US,1 Yr
Leviton, APLW8-SCM, PLT LGX WH SC-MM 8F    ,$56.24 ,$26.67 ,53%,$32.77 ,42%,$32.52 ,US,1 Yr
Leviton, APLW8-SCS, PLT LGX WH SC-SM 8F    ,$62.65 ,$29.71 ,53%,$36.51 ,42%,$36.23 ,US,1 Yr
Leviton, APLW8-STM, PLT LGX WH ST-MM 8F    ,$48.65 ,$23.08 ,53%,$28.36 ,42%,$28.15 ,US,1 Yr
Leviton, APLW8-STS, PLT LGX WH ST-SM 8F    ,$70.30 ,$33.34 ,53%,$40.97 ,42%,$40.66 ,US,1 Yr
Leviton, CPC12-STD, ENCL WALL CPC12 2PLTS  ,$231.38 ,$101.64 ,56%,$124.89 ,46%,$123.95 ,US,1 Yr
Leviton, CPC24-STD, ENCL WALL CPC24 4PLTS  ,$287.59 ,$143.56 ,50%,$176.40 ,39%,$175.07 ,US,1 Yr
Leviton, CPC48-STD, ENCL WALL CPC48 8PLTS  ,$410.81 ,$205.08 ,50%,$251.99 ,39%,$250.10 ,US,1 Yr
Leviton, CPCSR-001, KIT CBL CLAMP SML CP   ,$16.45 ,$7.80 ,53%,$9.58 ,42%,$9.51 ,US,1 Yr
Leviton, CPCSR-002, KIT CBL CLAMP LRG CP   ,$20.54 ,$9.74 ,53%,$11.97 ,42%,$11.88 ,US,1 Yr
Leviton, CPGRD-KIT, KIT GROUND CP          ,$24.68 ,$11.70 ,53%,$14.38 ,42%,$14.27 ,US,1 Yr
Leviton, CPS12-STD, ENCL WALL CPS12 4TRY   ,$173.85 ,$86.79 ,50%,$106.64 ,39%,$105.84 ,US,1 Yr
Leviton, CPS24-STD, ENCL WALL CPS24 4TRY   ,$271.14 ,$135.35 ,50%,$166.31 ,39%,$165.06 ,US,1 Yr
Leviton, CPS48-STD, ENCL WALL CPS48 6TRY   ,$386.18 ,$192.78 ,50%,$236.87 ,39%,$235.10 ,US,1 Yr
Leviton, D6701-00E, CAP DUST IND           ,$14.03 ,$6.82 ,51%,$8.38 ,41%,$8.32 ,US,1 Yr
Leviton, DP03U-STD, ENCL 3U DP 6PLTS       ,$484.51 ,$229.78 ,53%,$282.34 ,42%,$280.22 ,US,1 Yr
Leviton, DP04U-STD, ENCL 4U DP 12PLTS      ,$514.00 ,$243.76 ,53%,$299.51 ,42%,$297.27 ,US,1 Yr
Leviton, DP06U-STD, ENCL 6U DP 12PLTS      ,$561.48 ,$266.28 ,53%,$327.19 ,42%,$324.73 ,US,1 Yr
Leviton, DPC12-066, ENCL 12U DPC 12PLTS    ,"$1,159.08 ",$549.68 ,53%,$675.41 ,42%,$670.34 ,US,1 Yr
Leviton, DPC6U-033, ENCL 6U DPC 6PLTS      ,$930.11 ,$464.31 ,50%,$570.51 ,39%,$566.23 ,US,1 Yr
Leviton, DPC7U-043, ENCL 7U DPC 12PLTS     ,$943.75 ,$471.12 ,50%,$578.88 ,39%,$574.54 ,US,1 Yr
Leviton, DPC8U-STD, ENCL 4U DPC 12PLTS     ,$967.21 ,$482.83 ,50%,$593.27 ,39%,$588.82 ,US,1 Yr
Leviton, DPCMP-UNV, KIT CBL CLAMP DP       ,$48.78 ,$23.13 ,53%,$28.42 ,42%,$28.21 ,US,1 Yr
Leviton, DPGRD-KIT, KIT GROUND DP          ,$30.50 ,$14.47 ,53%,$17.78 ,42%,$17.65 ,US,1 Yr
Leviton, DPS3U-STD, ENCL 3U DPS 4TRY       ,$469.96 ,$234.61 ,50%,$288.27 ,39%,$286.11 ,US,1 Yr
Leviton, DPS4U-STD, ENCL 4U DPS 6TRY       ,$499.33 ,$249.26 ,50%,$306.27 ,39%,$303.98 ,US,1 Yr
Leviton, DPS6U-STD, ENCL 6U DPS 12TRY      ,$561.48 ,$280.29 ,50%,$344.40 ,39%,$341.82 ,US,1 Yr
Leviton, FSHAT-F06, SPLICE HLDR FUSN HS LGX,$17.03 ,$2.79 ,84%,$3.43 ,80%,$3.40 ,US,1 Yr
Leviton, FSHBF-P12, SPLICE HLDR FSH-BF-12  ,$3.95 ,$1.87 ,53%,$2.30 ,42%,$2.28 ,US,1 Yr
Leviton, FSHHS-P06, SPLICE HLDR HS PLAST 6 ,$1.24 ,$0.59 ,52%,$0.72 ,42%,$0.72 ,US,1 Yr
Leviton, FSHHS-P08, SPLICE HLDR HS PLAST 8 ,$2.81 ,$1.33 ,53%,$1.63 ,42%,$1.62 ,US,1 Yr
Leviton, FSHMI-F06, SPLICE HLDR FOAM 6P BLK,$4.56 ,$2.17 ,52%,$2.67 ,42%,$2.65 ,US,1 Yr
Leviton, FSHMR-F06, SPLICE HLDR MICRO      ,$2.31 ,$1.09 ,53%,$1.34 ,42%,$1.33 ,US,1 Yr
Leviton, FSHRB-F06, SPLICE HLDR LGX 6P BLK ,$5.09 ,$2.41 ,53%,$2.96 ,42%,$2.94 ,US,1 Yr
Leviton, FSHSL-F06, SPLICE HLDR FSH-SL-06  ,$2.64 ,$0.91 ,66%,$1.12 ,58%,$1.11 ,US,1 Yr
Leviton, N3500-STD, ENCL WALL NID 3500     ,$118.95 ,$56.41 ,53%,$69.31 ,42%,$68.79 ,US,1 Yr
Leviton, N502H-STD, ENCL WALL NID 502H     ,$96.50 ,$45.76 ,53%,$56.23 ,42%,$55.80 ,US,1 Yr
Leviton, N5300-STD, ENCL WALL NID 530      ,$92.40 ,$43.82 ,53%,$53.84 ,42%,$53.44 ,US,1 Yr
Leviton, OCS12-STD, ENCL WALL OCS 12TRY    ,"$1,397.19 ",$662.61 ,53%,$814.17 ,42%,$808.06 ,US,1 Yr
Leviton, OCS18-STD, ENCL WALL OCS 18TRY    ,"$1,442.29 ",$683.99 ,53%,$840.44 ,42%,$834.13 ,US,1 Yr
Leviton, SPLMT-HKT, KIT MOUNT SPL TRAY     ,$13.88 ,$6.58 ,53%,$8.09 ,42%,$8.02 ,US,1 Yr
Leviton, T47HS-P06, SPL TRAY 4X7 HS-P 12F  ,$33.59 ,$15.93 ,53%,$19.57 ,42%,$19.43 ,US,1 Yr
Leviton, T47SL-F06, SPL TRAY 4X7 HS-S 12F  ,$33.84 ,$16.05 ,53%,$19.72 ,42%,$19.57 ,US,1 Yr
Leviton, T4LHS-P06, SPL TRAY 4X11 HS-P 12F ,$36.76 ,$17.43 ,53%,$21.42 ,42%,$21.26 ,US,1 Yr
Leviton, T58HS-P06, SPL TRAY 5X8 HS-P 12F  ,$39.88 ,$18.91 ,53%,$23.24 ,42%,$23.06 ,US,1 Yr
Leviton, T5LBF-P06, SPL TRAY 5X11 BF 12F   ,$37.91 ,$17.98 ,53%,$22.09 ,42%,$21.93 ,US,1 Yr
Leviton, T5LHS-B12, SPL TRAY 5X11 HS-P 24F ,$43.69 ,$20.72 ,53%,$25.46 ,42%,$25.27 ,US,1 Yr
Leviton, T5LHS-F12, SPL TRAY 5X11 HS-F 24F ,$47.66 ,$22.60 ,53%,$27.77 ,42%,$27.56 ,US,1 Yr
Leviton, T5LHS-P06, SPL TRAY 5X11 HS-P 12F ,$37.90 ,$17.97 ,53%,$22.08 ,42%,$21.91 ,US,1 Yr
Leviton, T5MHS-P06, SPL TRAY 5X7 HS-P 12F  ,$36.80 ,$17.45 ,53%,$21.44 ,42%,$21.28 ,US,1 Yr
Leviton, T5PLS-12F, SPL TRAY PLAST+SLV 12F ,$38.98 ,$18.49 ,53%,$22.72 ,42%,$22.55 ,US,1 Yr
Leviton, T5PLS-24F, SPL TRAY PLAST+SLV 24F ,$65.21 ,$30.92 ,53%,$37.99 ,42%,$37.71 ,US,1 Yr
Leviton, T5XHS-P12, SPL TRAY 5X10 HS-P 24F ,$40.56 ,$19.24 ,53%,$23.64 ,42%,$23.46 ,US,1 Yr
Leviton, VCCFK-0LG, KIT CBL CLAMP LRG VCC  ,$32.14 ,$15.24 ,53%,$18.73 ,42%,$18.59 ,US,1 Yr
Leviton, VCCFK-0SM, KIT CBL CLAMP SML VCC  ,$27.39 ,$12.99 ,53%,$15.96 ,42%,$15.84 ,US,1 Yr
Leviton, VSC12-STD, ENCL WALL VSC 12TRY    ,"$1,178.66 ",$588.39 ,50%,$722.97 ,39%,$717.55 ,US,1 Yr
Leviton, VSCGB-KIT, KIT GROUND VSC         ,$42.35 ,$20.08 ,53%,$24.67 ,42%,$24.49 ,US,1 Yr
LRG TECH, MPS-3400-GS14-1, Commander 3400 Series Mobile Pro Systems Trailer.‹¨« Flexible mobile energy for security network or communication technologies. Fast setup and rugged design. Put your technology right where You need it. Configuration Includes?,"$52,815.99 ","$35,386.71 ",33%,"$43,480.63 ",18%,"$43,154.52 ",US,1 Yr
LRG TECH, MPS-3400-GS14-2, Commander 3400 Series Mobile Pro Systems Trailer.‹¨« Flexible mobile energy for security network or communication technologies. Fast setup and rugged design. Put your technology right where You need it.,"$65,360.63 ","$43,791.62 ",33%,"$53,807.97 ",18%,"$53,404.41 ",US,1 Yr
LRG TECH, MPS-3400-GS14-3, Commander 3400 Series Mobile Pro Systems Trailer.‹¨« Flexible mobile energy for security network or communication technologies. Fast setup and rugged design. Put your technology right where You need it. Configuration Includes?,"$73,660.89 ","$49,352.80 ",33%,"$60,641.15 ",18%,"$60,186.34 ",US,1 Yr
LRG TECH, MPS-3400-GS14-4, Commander 3400 Series Mobile Pro Systems Trailer.‹¨« Flexible mobile energy for security network or communication technologies. Fast setup and rugged design. Put your technology right where You need it. Configuration Includes?,"$89,991.39 ","$60,294.23 ",33%,"$74,085.19 ",18%,"$73,529.55 ",US,1 Yr
LRG TECH, MPS-3400-GS14-5, Commander 3400 Series Mobile Pro Systems Trailer.‹¨« Flexible mobile energy for security network or communication technologies. Fast setup and rugged design. Put your technology right where You need it. Configuration Includes?,"$101,457.87 ","$67,976.77 ",33%,"$83,524.94 ",18%,"$82,898.50 ",US,1 Yr
LRG TECH, MPS-2800-GS14-1, Commander 2800 Series Mobile Pro Systems Trailer. Flexible mobile energy for security network or communication technologies. Fast setup and rugged design.,"$41,289.30 ","$27,663.83 ",33%,"$33,991.31 ",18%,"$33,736.38 ",US,1 Yr
LRG TECH, MPS-2800-GS14-2, Commander 2800 Series Mobile Pro Systems Trailer. Flexible mobile energy for security network or communication technologies. Fast setup and rugged design.,"$48,472.59 ","$32,476.64 ",33%,"$39,904.95 ",18%,"$39,605.66 ",US,1 Yr
LRG TECH, MPS-2800-GS14-3, Commander 2800 Series Mobile Pro Systems Trailer. Flexible mobile energy for security network or communication technologies. Fast setup and rugged design.,"$59,033.19 ","$39,552.24 ",33%,"$48,598.93 ",18%,"$48,234.44 ",US,1 Yr
LRG TECH, PS-14-01, PowerSentry Control System with: Sgl Battery Section: 45ah Battery Pack: Fixed 5 MP Camera: Edge Camera Recording License: On-board Cellular WiFi Ethernet,"$8,812.50 ","$5,904.38 ",33%,"$7,254.87 ",18%,"$7,200.46 ",US,1 Yr
LRG TECH, PS-14-02, PowerSentry Control System with: Sgl Battery Section: 45ah Battery Pack: Fixed 5 MP Camera: Edge Camera Recording License: Optex LX Motion Detection: On-board Cellular WiFi Ethernet: Red and Blue LED Strobes,"$9,210.00 ","$6,170.70 ",33%,"$7,582.11 ",18%,"$7,525.24 ",US,1 Yr
LRG TECH, PS-14-03, PowerSentry Control System with: LG Battery Section: 90ah Battery Pack: Fixed 5 MP Camera: Edge Camera Recording License: Optex LX Motion Detection: On-board Cellular WiFi Ethernet: Red and Blue LED Strobes: Side Mt Light Kit,"$11,100.00 ","$7,437.00 ",33%,"$9,138.05 ",18%,"$9,069.51 ",US,1 Yr
LRG TECH, PS-14-04, PowerSentry Control System with: LG Battery Section: 90ah Battery Pack: Fixed 5 MP Camera: Edge Camera Recording License: On-board Cellular WiFi Ethernet: 130 Watt Solar System,"$11,865.00 ","$7,949.55 ",33%,"$9,767.83 ",18%,"$9,694.57 ",US,1 Yr
LRG TECH, PS-14-05, PowerSentry Control System with: Sgl Battery Section: 45ah Battery Pack: Fixed Thermal Imaging Camera 640r: Edge Camera Recording License: On-board Cellular WiFi Ethernet,"$15,997.50 ","$10,718.33 ",33%,"$13,169.91 ",18%,"$13,071.13 ",US,1 Yr
LRG TECH, PS-14-06, PowerSentry Control System with: LG Battery Section: 90ah Battery Pack: Fixed Thermal Imaging Camera 640r: Edge Camera Recording License: On-board Cellular WiFi Ethernet: 130 Watt Solar System,"$19,095.00 ","$12,793.65 ",33%,"$15,719.91 ",18%,"$15,602.01 ",US,1 Yr
LRG TECH, PS-14-07, PowerSentry Control System with: Sgl Battery Section: 45ah Battery Pack: Hi Res PTZ Camera: Edge Camera Recording License On-board Cellular WiFi Ethernet,"$10,987.50 ","$7,361.63 ",33%,"$9,045.44 ",18%,"$8,977.60 ",US,1 Yr
LRG TECH, PS-14-08, PowerSentry Control System with: LG Battery Section: 90ah Battery Pack: Hi Res PTZ Camera: Edge Camera Recording License: Optex RedWall: On-board Cellular WiFi Ethernet: Side Mt Light Kit,"$13,027.50 ","$8,728.43 ",33%,"$10,724.86 ",18%,"$10,644.43 ",US,1 Yr
LRG TECH, PS-14-09, PowerSentry Control System with: LG Battery Section: 90ah Battery Pack: Hi Res PTZ Camera: Edge Camera Recording License: Optex LX Motion Detection: On-board Cellular WiFi Ethernet: Red and Blue LED Strobes: Side Mt Light Kit,"$13,245.00 ","$8,874.15 ",33%,"$10,903.91 ",18%,"$10,822.13 ",US,1 Yr
LRG TECH, PS-14-10, PowerSentry Control System with: LG Battery Section: 90ah Battery Pack: Hi Res PTZ Camera: Edge Camera Recording License: Optex RedWall: On-board Cellular WiFi Ethernet: HO Access Point & Antennas: RAYTECH VARIO i8-2,"$16,117.50 ","$10,798.73 ",33%,"$13,268.70 ",18%,"$13,169.18 ",US,1 Yr
LRG TECH, PS-14-11, PowerSentry Control System with: LG Battery Section: 90ah Battery Pack: Fixed 5 MP Camera: Hi Res PTZ Camera: 2 Edge Camera Recording Licenses: On-board Cellular WiFi Ethernet,"$14,535.00 ","$9,738.45 ",33%,"$11,965.90 ",18%,"$11,876.16 ",US,1 Yr
LRG TECH, PS-14-12, PowerSentry Control System with: LG Battery Section: 90ah Battery Pack: Fixed 5 MP Camera: Hi Res PTZ Camera: 2 Edge Camera Recording Licenses: On-board Cellular WiFi Ethernet: Red and Blue LED Strobes,"$14,550.00 ","$9,748.50 ",33%,"$11,978.25 ",18%,"$11,888.41 ",US,1 Yr
LRG TECH, PS-14-13, PowerSentry Control System with: LG Battery Section: 135ah Battery Pack: Fixed 5 MP Camera: Hi Res PTZ Camera: 2 Edge Camera Recording Licenses: Optex LX Motion Detection: On-board Cellular WiFi Ethernet: Red and Blue LED Strobes: Side Mt Light Kit,"$16,710.00 ","$11,195.70 ",33%,"$13,756.47 ",18%,"$13,653.29 ",US,1 Yr
LRG TECH, PS-14-14, PowerSentry Control System with: LG Battery Section: 135ah Battery Pack: Fixed 5 MP Camera: Hi Res PTZ Camera: 2 Edge Camera Recording Licenses: On-board Cellular WiFi Ethernet: Red and Blue LED Strobes: Side Mt Light Kit: RAYTECH VARIO i8-2,"$19,755.00 ","$13,235.85 ",33%,"$16,263.25 ",18%,"$16,141.28 ",US,1 Yr
LRG TECH, PS-14-15, PowerSentry Control System with: LG Battery Section: 45ah Battery Pack: Fixed 5 MP Camera: Fixed Thermal Imaging Camera 640r: 2 Edge Camera Recording Licenses: Optex Redwall: On-board Cellular WiFi Ethernet: Side Mt Light Kit,"$20,220.00 ","$13,547.40 ",33%,"$16,646.06 ",18%,"$16,521.22 ",US,1 Yr
LRG TECH, PS-14-16, PowerSentry Control System with: LG Battery Section: 45ah Battery Pack: Fixed 5 MP Camera: PTZ Thermal Imaging Camera 640r: 2 Edge Camera Recording Licenses: On-board Cellular WiFi Ethernet,"$20,782.50 ","$13,924.28 ",33%,"$17,109.15 ",18%,"$16,980.83 ",US,1 Yr
LRG TECH, PS-14-17, PowerSentry Control System with: LG Battery Section: 90ah Battery Pack: PTZ Thermal Imaging Camera 640r: 2 Edge Camera Recording Licenses: Optex RedWall: On-board Cellular WiFi Ethernet,"$21,375.00 ","$14,321.25 ",33%,"$17,596.92 ",18%,"$17,464.94 ",US,1 Yr
LRG TECH, PS-14-18, PowerSentry Control System with: LG Battery Section: 90ah Battery Pack: 2 Fixed Thermal Imaging Cameras 640r: PTZ Thermal Imaging Camera 640r: 2 Edge Camera Recording Licenses: Optex RedWall: On-board Cellular WiFi Ethernet,"$28,282.50 ","$18,949.28 ",33%,"$23,283.50 ",18%,"$23,108.88 ",US,1 Yr
LRG TECH, PS-14-19, PowerSentry Control System with: LG Battery Section: 135ah Battery Pack: 2 Fixed 3 MP Cameras: ,"$15,802.50 ","$10,587.68 ",33%,"$13,009.38 ",18%,"$12,911.80 ",US,1 Yr
LRG TECH, PS-14-20, PowerSentry Control System with: LG Battery Section: 135ah Battery Pack: Fixed 5 MP Camera: Edge Camera Recording License: On-board Cellular WiFi Ethernet,"$11,385.00 ","$7,627.95 ",33%,"$9,372.67 ",18%,"$9,302.38 ",US,1 Yr
LRG TECH, PS-14-21, PowerSentry Control System with: LG Battery Section: 135ah Battery Pack: PTZ Camera: Edge Camera Recording License: On-board Cellular WiFi Ethernet,"$13,597.50 ","$9,110.33 ",33%,"$11,194.11 ",18%,"$11,110.16 ",US,1 Yr
LRG TECH, PS-14-22, PowerSentry Control System with: LG Battery Section: 135ah Battery Pack: Fixed 5 MP Camera: PTZ Camera: 2 Edge Camera Recording Licenses: On-board Cellular WiFi Ethernet,"$15,825.00 ","$10,602.75 ",33%,"$13,027.89 ",18%,"$12,930.18 ",US,1 Yr
LRG TECH, PS-14-23, PowerSentry Control System with: LG Battery Section: 135ah Battery Pack: Fixed 5 MP Camera: PTZ Camera: Edge Camera Recording License: On-board Cellular WiFi Ethernet,"$21,090.00 ","$14,130.30 ",33%,"$17,362.29 ",18%,"$17,232.07 ",US,1 Yr
